[
  {
    "Country Code": "US",
    "Name": "Bird Washington DC",
    "Location": "Washington, DC",
    "System ID": "bird-washington-dc",
    "last_updated": 1738921149,
    "free_bike_status": "https://mds.bird.co/gbfs/v2/public/washington-dc/free_bike_status.json",
    "gbfs_versions": "https://mds.bird.co/gbfs/v2/public/washington-dc/gbfs_versions.json",
    "geofencing_zones": "https://mds.bird.co/gbfs/v2/public/washington-dc/geofencing_zones.json",
    "station_information": "https://mds.bird.co/gbfs/v2/public/washington-dc/station_information.json",
    "station_status": "https://mds.bird.co/gbfs/v2/public/washington-dc/station_status.json",
    "system_information": "https://mds.bird.co/gbfs/v2/public/washington-dc/system_information.json",
    "system_pricing_plans": "https://mds.bird.co/gbfs/v2/public/washington-dc/system_pricing_plans.json",
    "system_regions": "https://mds.bird.co/gbfs/v2/public/washington-dc/system_regions.json",
    "vehicle_types": "https://mds.bird.co/gbfs/v2/public/washington-dc/vehicle_types.json"
  },
  {
    "Country Code": "US",
    "Name": "Capital Bike Share",
    "Location": "Washington, DC",
    "System ID": "cabi",
    "last_updated": 1738921141,
    "gbfs": "https://gbfs.lyft.com/gbfs/2.3/dca-cabi/gbfs.json",
    "system_information": "https://gbfs.lyft.com/gbfs/2.3/dca-cabi/en/system_information.json",
    "station_information": "https://gbfs.lyft.com/gbfs/2.3/dca-cabi/en/station_information.json",
    "station_status": "https://gbfs.lyft.com/gbfs/2.3/dca-cabi/en/station_status.json",
    "free_bike_status": "https://gbfs.lyft.com/gbfs/2.3/dca-cabi/en/free_bike_status.json",
    "system_hours": "https://gbfs.lyft.com/gbfs/2.3/dca-cabi/en/system_hours.json",
    "system_calendar": "https://gbfs.lyft.com/gbfs/2.3/dca-cabi/en/system_calendar.json",
    "system_regions": "https://gbfs.lyft.com/gbfs/2.3/dca-cabi/en/system_regions.json",
    "system_pricing_plans": "https://gbfs.lyft.com/gbfs/2.3/dca-cabi/en/system_pricing_plans.json",
    "system_alerts": "https://gbfs.lyft.com/gbfs/2.3/dca-cabi/en/system_alerts.json",
    "gbfs_versions": "https://gbfs.lyft.com/gbfs/2.3/dca-cabi/en/gbfs_versions.json",
    "vehicle_types": "https://gbfs.lyft.com/gbfs/2.3/dca-cabi/en/vehicle_types.json"
  },
  {
    "Country Code": "US",
    "Name": "Helbiz Washington DC",
    "Location": "Washington, DC",
    "System ID": "HELBIZ-US",
    "last_updated": 1738921164,
    "gbfs_versions": "https://gbfs.helbiz.com/v2.2/washington/gbfs_versions.json",
    "system_information": "https://gbfs.helbiz.com/v2.2/washington/system_information.json",
    "vehicle_types": "https://gbfs.helbiz.com/v2.2/washington/vehicle_types.json",
    "station_information": "https://gbfs.helbiz.com/v2.2/washington/station_information.json",
    "station_status": "https://gbfs.helbiz.com/v2.2/washington/station_status.json",
    "free_bike_status": "https://gbfs.helbiz.com/v2.2/washington/free_bike_status.json",
    "system_hours": "https://gbfs.helbiz.com/v2.2/washington/system_hours.json",
    "system_calendar": "https://gbfs.helbiz.com/v2.2/washington/system_calendar.json",
    "system_regions": "https://gbfs.helbiz.com/v2.2/washington/system_regions.json",
    "system_pricing_plans": "https://gbfs.helbiz.com/v2.2/washington/system_pricing_plans.json",
    "system_alerts": "https://gbfs.helbiz.com/v2.2/washington/system_alerts.json",
    "geofencing_zones": "https://gbfs.helbiz.com/v2.2/washington/geofencing_zones.json"
  },
  {
    "Country Code": "US",
    "Name": "Lime Washington DC",
    "Location": "Washington, DC",
    "System ID": "lime_washington_dc",
    "last_updated": 1738921175,
    "system_information": "https://data.lime.bike/api/partners/v2/gbfs/washington_dc/system_information",
    "station_information": "https://data.lime.bike/api/partners/v2/gbfs/washington_dc/station_information",
    "station_status": "https://data.lime.bike/api/partners/v2/gbfs/washington_dc/station_status",
    "free_bike_status": "https://data.lime.bike/api/partners/v2/gbfs/washington_dc/free_bike_status",
    "vehicle_types": "https://data.lime.bike/api/partners/v2/gbfs/washington_dc/vehicle_types"
  },
  {
    "Country Code": "US",
    "Name": "Spin Washington DC",
    "Location": "Washington, DC",
    "System ID": "spin washington_dc",
    "last_updated": 1738921204,
    "free_bike_status": "https://gbfs.spin.pm/api/gbfs/v2_3/washington_dc/free_bike_status",
    "gbfs_versions": "https://gbfs.spin.pm/api/gbfs/v2_3/washington_dc/gbfs_versions",
    "geofencing_zones": "https://gbfs.spin.pm/api/gbfs/v2_3/washington_dc/geofencing_zones",
    "station_information": "https://gbfs.spin.pm/api/gbfs/v2_3/washington_dc/station_information",
    "station_status": "https://gbfs.spin.pm/api/gbfs/v2_3/washington_dc/station_status",
    "system_information": "https://gbfs.spin.pm/api/gbfs/v2_3/washington_dc/system_information",
    "system_pricing_plans": "https://gbfs.spin.pm/api/gbfs/v2_3/washington_dc/system_pricing_plans",
    "system_regions": "https://gbfs.spin.pm/api/gbfs/v2_3/washington_dc/system_regions",
    "vehicle_types": "https://gbfs.spin.pm/api/gbfs/v2_3/washington_dc/vehicle_types"
  },
  {
    "Country Code": "US",
    "Name": "Veo Washington DC",
    "Location": "Washington, DC",
    "System ID": "Veo Mobility",
    "last_updated": 1738921207,
    "system_information": "https://cluster-prod.veoride.com/api/shares/name/DC_City/gbfs/system_information",
    "free_bike_status": "https://cluster-prod.veoride.com/api/shares/name/DC_City/gbfs/free_bike_status",
    "vehicle_types": "https://cluster-prod.veoride.com/api/shares/name/DC_City/gbfs/vehicle_types",
    "system_pricing_plans": "https://cluster-prod.veoride.com/api/shares/name/DC_City/gbfs/system_pricing_plans"
  }
]
